{"coverage": 83.0, "raw_data": {"meta": {"format": 3, "version": "7.8.0", "timestamp": "2025-05-20T04:18:20.343848", "branch_coverage": false, "show_contexts": false}, "files": {"src/joplin_bulker/tag.py": {"executed_lines": [1, 6, 7, 8, 10, 11, 13, 16, 17, 19, 20, 21, 24, 25, 28, 33, 35, 36, 37, 38, 39, 42, 58, 71, 74, 75, 77, 78, 79, 80, 81, 84, 86, 87, 89, 91, 92, 94, 95, 96, 97, 99, 106, 109, 112, 114, 117, 119, 123, 124, 126, 127, 128, 129, 130, 131, 132, 133, 134, 136, 137, 138, 140, 143, 145, 146, 148, 149, 150, 151, 152, 156, 157, 158, 160, 164, 165, 166, 170, 171, 172, 175, 177, 178, 179], "summary": {"covered_lines": 83, "num_statements": 100, "percent_covered": 83.0, "percent_covered_display": "83", "missing_lines": 17, "excluded_lines": 0}, "missing_lines": [30, 88, 107, 108, 110, 111, 113, 120, 121, 161, 162, 167, 168, 174, 181, 182, 183], "excluded_lines": [], "functions": {"load_config": {"executed_lines": [], "summary": {"covered_lines": 0, "num_statements": 1, "percent_covered": 0.0, "percent_covered_display": "0", "missing_lines": 1, "excluded_lines": 0}, "missing_lines": [30], "excluded_lines": []}, "joplin_file_name": {"executed_lines": [35, 36, 37, 38, 39], "summary": {"covered_lines": 5, "num_statements": 5, "percent_covered": 100.0, "percent_covered_display": "100", "missing_lines": 0, "excluded_lines": 0}, "missing_lines": [], "excluded_lines": []}, "parse_joplin": {"executed_lines": [58, 71, 74, 75, 77, 78, 79, 80, 81, 84, 86, 87, 89, 91, 92, 94, 95, 96, 97, 99, 106, 109, 112, 114], "summary": {"covered_lines": 24, "num_statements": 30, "percent_covered": 80.0, "percent_covered_display": "80", "missing_lines": 6, "excluded_lines": 0}, "missing_lines": [88, 107, 108, 110, 111, 113], "excluded_lines": []}, "remove_tag": {"executed_lines": [119, 123, 124, 126, 127, 128, 129, 130, 131, 132, 133, 134, 136, 137, 138, 140], "summary": {"covered_lines": 16, "num_statements": 18, "percent_covered": 88.88888888888889, "percent_covered_display": "89", "missing_lines": 2, "excluded_lines": 0}, "missing_lines": [120, 121], "excluded_lines": []}, "main": {"executed_lines": [145, 146, 148, 149, 150, 151, 152, 156, 157, 158, 160, 164, 165, 166, 170, 171, 172, 175, 177, 178, 179], "summary": {"covered_lines": 21, "num_statements": 29, "percent_covered": 72.41379310344827, "percent_covered_display": "72", "missing_lines": 8, "excluded_lines": 0}, "missing_lines": [161, 162, 167, 168, 174, 181, 182, 183], "excluded_lines": []}, "": {"executed_lines": [1, 6, 7, 8, 10, 11, 13, 16, 17, 19, 20, 21, 24, 25, 28, 33, 42, 117, 143], "summary": {"covered_lines": 17, "num_statements": 17, "percent_covered": 100.0, "percent_covered_display": "100", "missing_lines": 0, "excluded_lines": 0}, "missing_lines": [], "excluded_lines": []}}, "classes": {"Types": {"executed_lines": [], "summary": {"covered_lines": 0, "num_statements": 0, "percent_covered": 100.0, "percent_covered_display": "100", "missing_lines": 0, "excluded_lines": 0}, "missing_lines": [], "excluded_lines": []}, "": {"executed_lines": [1, 6, 7, 8, 10, 11, 13, 16, 17, 19, 20, 21, 24, 25, 28, 33, 35, 36, 37, 38, 39, 42, 58, 71, 74, 75, 77, 78, 79, 80, 81, 84, 86, 87, 89, 91, 92, 94, 95, 96, 97, 99, 106, 109, 112, 114, 117, 119, 123, 124, 126, 127, 128, 129, 130, 131, 132, 133, 134, 136, 137, 138, 140, 143, 145, 146, 148, 149, 150, 151, 152, 156, 157, 158, 160, 164, 165, 166, 170, 171, 172, 175, 177, 178, 179], "summary": {"covered_lines": 83, "num_statements": 100, "percent_covered": 83.0, "percent_covered_display": "83", "missing_lines": 17, "excluded_lines": 0}, "missing_lines": [30, 88, 107, 108, 110, 111, 113, 120, 121, 161, 162, 167, 168, 174, 181, 182, 183], "excluded_lines": []}}}}, "totals": {"covered_lines": 83, "num_statements": 100, "percent_covered": 83.0, "percent_covered_display": "83", "missing_lines": 17, "excluded_lines": 0}}, "coverage_path": "."}