{"coverage": 83.33333333333333, "raw_data": {"meta": {"format": 3, "version": "7.13.1", "timestamp": "2026-02-11T06:51:36.532574", "branch_coverage": false, "show_contexts": false}, "files": {"src/joplin_bulker/tag.py": {"executed_lines": [6, 7, 8, 9, 11, 12, 14, 17, 20, 21, 22, 25, 26, 29, 34, 36, 37, 38, 39, 40, 43, 59, 72, 75, 76, 78, 79, 80, 81, 82, 85, 87, 88, 90, 92, 93, 95, 96, 97, 98, 100, 107, 110, 111, 114, 116, 119, 121, 125, 126, 128, 129, 130, 131, 132, 133, 134, 135, 136, 138, 139, 140, 142, 145, 147, 148, 150, 151, 152, 153, 154, 158, 159, 160, 162, 166, 167, 168, 172, 173, 174, 177, 179, 180, 181], "summary": {"covered_lines": 85, "num_statements": 102, "percent_covered": 83.33333333333333, "percent_covered_display": "83", "missing_lines": 17, "excluded_lines": 0, "percent_statements_covered": 83.33333333333333, "percent_statements_covered_display": "83"}, "missing_lines": [31, 89, 108, 109, 112, 113, 115, 122, 123, 163, 164, 169, 170, 176, 183, 184, 185], "excluded_lines": [], "functions": {"load_config": {"executed_lines": [], "summary": {"covered_lines": 0, "num_statements": 1, "percent_covered": 0.0, "percent_covered_display": "0", "missing_lines": 1, "excluded_lines": 0, "percent_statements_covered": 0.0, "percent_statements_covered_display": "0"}, "missing_lines": [31], "excluded_lines": [], "start_line": 29}, "joplin_file_name": {"executed_lines": [36, 37, 38, 39, 40], "summary": {"covered_lines": 5, "num_statements": 5, "percent_covered": 100.0, "percent_covered_display": "100", "missing_lines": 0, "excluded_lines": 0, "percent_statements_covered": 100.0, "percent_statements_covered_display": "100"}, "missing_lines": [], "excluded_lines": [], "start_line": 34}, "parse_joplin": {"executed_lines": [59, 72, 75, 76, 78, 79, 80, 81, 82, 85, 87, 88, 90, 92, 93, 95, 96, 97, 98, 100, 107, 110, 111, 114, 116], "summary": {"covered_lines": 25, "num_statements": 31, "percent_covered": 80.64516129032258, "percent_covered_display": "81", "missing_lines": 6, "excluded_lines": 0, "percent_statements_covered": 80.64516129032258, "percent_statements_covered_display": "81"}, "missing_lines": [89, 108, 109, 112, 113, 115], "excluded_lines": [], "start_line": 43}, "remove_tag": {"executed_lines": [121, 125, 126, 128, 129, 130, 131, 132, 133, 134, 135, 136, 138, 139, 140, 142], "summary": {"covered_lines": 16, "num_statements": 18, "percent_covered": 88.88888888888889, "percent_covered_display": "89", "missing_lines": 2, "excluded_lines": 0, "percent_statements_covered": 88.88888888888889, "percent_statements_covered_display": "89"}, "missing_lines": [122, 123], "excluded_lines": [], "start_line": 119}, "main": {"executed_lines": [147, 148, 150, 151, 152, 153, 154, 158, 159, 160, 162, 166, 167, 168, 172, 173, 174, 177, 179, 180, 181], "summary": {"covered_lines": 21, "num_statements": 29, "percent_covered": 72.41379310344827, "percent_covered_display": "72", "missing_lines": 8, "excluded_lines": 0, "percent_statements_covered": 72.41379310344827, "percent_statements_covered_display": "72"}, "missing_lines": [163, 164, 169, 170, 176, 183, 184, 185], "excluded_lines": [], "start_line": 145}, "": {"executed_lines": [6, 7, 8, 9, 11, 12, 14, 17, 20, 21, 22, 25, 26, 29, 34, 43, 119, 145], "summary": {"covered_lines": 18, "num_statements": 18, "percent_covered": 100.0, "percent_covered_display": "100", "missing_lines": 0, "excluded_lines": 0, "percent_statements_covered": 100.0, "percent_statements_covered_display": "100"}, "missing_lines": [], "excluded_lines": [], "start_line": 1}}, "classes": {"Types": {"executed_lines": [], "summary": {"covered_lines": 0, "num_statements": 0, "percent_covered": 100.0, "percent_covered_display": "100", "missing_lines": 0, "excluded_lines": 0, "percent_statements_covered": 100.0, "percent_statements_covered_display": "100"}, "missing_lines": [], "excluded_lines": [], "start_line": 17}, "": {"executed_lines": [6, 7, 8, 9, 11, 12, 14, 17, 20, 21, 22, 25, 26, 29, 34, 36, 37, 38, 39, 40, 43, 59, 72, 75, 76, 78, 79, 80, 81, 82, 85, 87, 88, 90, 92, 93, 95, 96, 97, 98, 100, 107, 110, 111, 114, 116, 119, 121, 125, 126, 128, 129, 130, 131, 132, 133, 134, 135, 136, 138, 139, 140, 142, 145, 147, 148, 150, 151, 152, 153, 154, 158, 159, 160, 162, 166, 167, 168, 172, 173, 174, 177, 179, 180, 181], "summary": {"covered_lines": 85, "num_statements": 102, "percent_covered": 83.33333333333333, "percent_covered_display": "83", "missing_lines": 17, "excluded_lines": 0, "percent_statements_covered": 83.33333333333333, "percent_statements_covered_display": "83"}, "missing_lines": [31, 89, 108, 109, 112, 113, 115, 122, 123, 163, 164, 169, 170, 176, 183, 184, 185], "excluded_lines": [], "start_line": 1}}}}, "totals": {"covered_lines": 85, "num_statements": 102, "percent_covered": 83.33333333333333, "percent_covered_display": "83", "missing_lines": 17, "excluded_lines": 0, "percent_statements_covered": 83.33333333333333, "percent_statements_covered_display": "83"}}, "coverage_path": "."}