{"coverage": 84.5360824742268, "raw_data": {"meta": {"version": "7.3.2", "timestamp": "2023-10-18T10:34:30.288379", "branch_coverage": false, "show_contexts": false}, "files": {"src/joplin_bulker/tag.py": {"executed_lines": [1, 5, 6, 7, 8, 9, 12, 15, 16, 17, 18, 21, 22, 25, 29, 33, 34, 35, 36, 37, 40, 57, 73, 74, 75, 77, 78, 79, 80, 81, 82, 84, 85, 87, 89, 90, 92, 93, 94, 95, 97, 102, 105, 108, 110, 113, 114, 118, 119, 121, 122, 123, 124, 125, 126, 127, 128, 129, 131, 132, 133, 135, 138, 139, 140, 142, 143, 144, 145, 146, 150, 151, 152, 153, 154, 155, 156, 157, 158, 165, 167, 168, 169], "summary": {"covered_lines": 82, "num_statements": 97, "percent_covered": 84.5360824742268, "percent_covered_display": "85", "missing_lines": 15, "excluded_lines": 0}, "missing_lines": [26, 86, 103, 104, 106, 107, 109, 115, 116, 160, 162, 164, 171, 172, 173], "excluded_lines": []}}, "totals": {"covered_lines": 82, "num_statements": 97, "percent_covered": 84.5360824742268, "percent_covered_display": "85", "missing_lines": 15, "excluded_lines": 0}}, "coverage_path": "."}