{"coverage": 84.5360824742268, "raw_data": {"meta": {"version": "7.3.2", "timestamp": "2023-10-20T04:46:15.365235", "branch_coverage": false, "show_contexts": false}, "files": {"src/joplin_bulker/tag.py": {"executed_lines": [1, 5, 6, 7, 9, 10, 12, 15, 16, 17, 18, 21, 22, 25, 29, 33, 34, 35, 36, 37, 40, 57, 70, 73, 74, 76, 77, 78, 79, 80, 83, 85, 86, 88, 90, 91, 93, 94, 95, 96, 98, 105, 108, 111, 113, 116, 117, 121, 122, 124, 125, 126, 127, 128, 129, 130, 131, 132, 134, 135, 136, 138, 141, 142, 143, 145, 146, 147, 148, 149, 153, 154, 155, 156, 157, 158, 159, 160, 161, 168, 170, 171, 172], "summary": {"covered_lines": 82, "num_statements": 97, "percent_covered": 84.5360824742268, "percent_covered_display": "85", "missing_lines": 15, "excluded_lines": 0}, "missing_lines": [26, 87, 106, 107, 109, 110, 112, 118, 119, 163, 165, 167, 174, 175, 176], "excluded_lines": []}}, "totals": {"covered_lines": 82, "num_statements": 97, "percent_covered": 84.5360824742268, "percent_covered_display": "85", "missing_lines": 15, "excluded_lines": 0}}, "coverage_path": "."}