{"coverage": 83.16831683168317, "raw_data": {"meta": {"format": 3, "version": "7.13.0", "timestamp": "2025-12-27T08:03:36.253592", "branch_coverage": false, "show_contexts": false}, "files": {"src/joplin_bulker/tag.py": {"executed_lines": [1, 6, 7, 8, 9, 11, 12, 14, 17, 18, 20, 21, 22, 25, 26, 29, 34, 36, 37, 38, 39, 40, 43, 59, 72, 75, 76, 78, 79, 80, 81, 82, 85, 87, 88, 90, 92, 93, 95, 96, 97, 98, 100, 107, 110, 113, 115, 118, 120, 124, 125, 127, 128, 129, 130, 131, 132, 133, 134, 135, 137, 138, 139, 141, 144, 146, 147, 149, 150, 151, 152, 153, 157, 158, 159, 161, 165, 166, 167, 171, 172, 173, 176, 178, 179, 180], "summary": {"covered_lines": 84, "num_statements": 101, "percent_covered": 83.16831683168317, "percent_covered_display": "83", "missing_lines": 17, "excluded_lines": 0, "percent_statements_covered": 83.16831683168317, "percent_statements_covered_display": "83"}, "missing_lines": [31, 89, 108, 109, 111, 112, 114, 121, 122, 162, 163, 168, 169, 175, 182, 183, 184], "excluded_lines": [], "functions": {"load_config": {"executed_lines": [], "summary": {"covered_lines": 0, "num_statements": 1, "percent_covered": 0.0, "percent_covered_display": "0", "missing_lines": 1, "excluded_lines": 0, "percent_statements_covered": 0.0, "percent_statements_covered_display": "0"}, "missing_lines": [31], "excluded_lines": []}, "joplin_file_name": {"executed_lines": [36, 37, 38, 39, 40], "summary": {"covered_lines": 5, "num_statements": 5, "percent_covered": 100.0, "percent_covered_display": "100", "missing_lines": 0, "excluded_lines": 0, "percent_statements_covered": 100.0, "percent_statements_covered_display": "100"}, "missing_lines": [], "excluded_lines": []}, "parse_joplin": {"executed_lines": [59, 72, 75, 76, 78, 79, 80, 81, 82, 85, 87, 88, 90, 92, 93, 95, 96, 97, 98, 100, 107, 110, 113, 115], "summary": {"covered_lines": 24, "num_statements": 30, "percent_covered": 80.0, "percent_covered_display": "80", "missing_lines": 6, "excluded_lines": 0, "percent_statements_covered": 80.0, "percent_statements_covered_display": "80"}, "missing_lines": [89, 108, 109, 111, 112, 114], "excluded_lines": []}, "remove_tag": {"executed_lines": [120, 124, 125, 127, 128, 129, 130, 131, 132, 133, 134, 135, 137, 138, 139, 141], "summary": {"covered_lines": 16, "num_statements": 18, "percent_covered": 88.88888888888889, "percent_covered_display": "89", "missing_lines": 2, "excluded_lines": 0, "percent_statements_covered": 88.88888888888889, "percent_statements_covered_display": "89"}, "missing_lines": [121, 122], "excluded_lines": []}, "main": {"executed_lines": [146, 147, 149, 150, 151, 152, 153, 157, 158, 159, 161, 165, 166, 167, 171, 172, 173, 176, 178, 179, 180], "summary": {"covered_lines": 21, "num_statements": 29, "percent_covered": 72.41379310344827, "percent_covered_display": "72", "missing_lines": 8, "excluded_lines": 0, "percent_statements_covered": 72.41379310344827, "percent_statements_covered_display": "72"}, "missing_lines": [162, 163, 168, 169, 175, 182, 183, 184], "excluded_lines": []}, "": {"executed_lines": [1, 6, 7, 8, 9, 11, 12, 14, 17, 18, 20, 21, 22, 25, 26, 29, 34, 43, 118, 144], "summary": {"covered_lines": 18, "num_statements": 18, "percent_covered": 100.0, "percent_covered_display": "100", "missing_lines": 0, "excluded_lines": 0, "percent_statements_covered": 100.0, "percent_statements_covered_display": "100"}, "missing_lines": [], "excluded_lines": []}}, "classes": {"Types": {"executed_lines": [], "summary": {"covered_lines": 0, "num_statements": 0, "percent_covered": 100.0, "percent_covered_display": "100", "missing_lines": 0, "excluded_lines": 0, "percent_statements_covered": 100.0, "percent_statements_covered_display": "100"}, "missing_lines": [], "excluded_lines": []}, "": {"executed_lines": [1, 6, 7, 8, 9, 11, 12, 14, 17, 18, 20, 21, 22, 25, 26, 29, 34, 36, 37, 38, 39, 40, 43, 59, 72, 75, 76, 78, 79, 80, 81, 82, 85, 87, 88, 90, 92, 93, 95, 96, 97, 98, 100, 107, 110, 113, 115, 118, 120, 124, 125, 127, 128, 129, 130, 131, 132, 133, 134, 135, 137, 138, 139, 141, 144, 146, 147, 149, 150, 151, 152, 153, 157, 158, 159, 161, 165, 166, 167, 171, 172, 173, 176, 178, 179, 180], "summary": {"covered_lines": 84, "num_statements": 101, "percent_covered": 83.16831683168317, "percent_covered_display": "83", "missing_lines": 17, "excluded_lines": 0, "percent_statements_covered": 83.16831683168317, "percent_statements_covered_display": "83"}, "missing_lines": [31, 89, 108, 109, 111, 112, 114, 121, 122, 162, 163, 168, 169, 175, 182, 183, 184], "excluded_lines": []}}}}, "totals": {"covered_lines": 84, "num_statements": 101, "percent_covered": 83.16831683168317, "percent_covered_display": "83", "missing_lines": 17, "excluded_lines": 0, "percent_statements_covered": 83.16831683168317, "percent_statements_covered_display": "83"}}, "coverage_path": "."}