{"coverage": 41.83673469387755, "raw_data": {"meta": {"version": "7.3.2", "timestamp": "2023-10-17T06:39:17.586480", "branch_coverage": false, "show_contexts": false}, "files": {"src/joplin_bulker/tag.py": {"executed_lines": [1, 2, 3, 4, 5, 8, 11, 12, 13, 14, 17, 18, 21, 29, 33, 44, 61, 77, 78, 79, 81, 82, 83, 84, 85, 86, 88, 93, 94, 96, 97, 98, 99, 101, 106, 109, 112, 114, 117, 141, 176], "summary": {"covered_lines": 41, "num_statements": 98, "percent_covered": 41.83673469387755, "percent_covered_display": "42", "missing_lines": 57, "excluded_lines": 0}, "missing_lines": [22, 23, 26, 30, 37, 38, 39, 40, 41, 89, 90, 91, 107, 108, 110, 111, 113, 118, 119, 120, 122, 123, 125, 126, 127, 128, 129, 130, 131, 132, 133, 135, 136, 138, 142, 143, 145, 146, 147, 148, 152, 153, 154, 155, 156, 157, 158, 159, 160, 162, 164, 166, 168, 169, 172, 173, 177], "excluded_lines": []}}, "totals": {"covered_lines": 41, "num_statements": 98, "percent_covered": 41.83673469387755, "percent_covered_display": "42", "missing_lines": 57, "excluded_lines": 0}}, "coverage_path": "."}